{
  "model_type": "LSTM",
  "lookback": 21,
  "horizon": 14,
  "features": [
    "nb_admissions",
    "day_sin",
    "day_cos",
    "month_sin",
    "month_cos",
    "is_weekend",
    "lag_1",
    "lag_2",
    "lag_3",
    "lag_7",
    "lag_14",
    "rolling_7_mean",
    "rolling_7_std",
    "rolling_14_mean"
  ],
  "scaler_X_min": [
    135.0,
    -0.9749279121818236,
    -0.9009688679024191,
    -1.0,
    -1.0,
    0.0,
    135.0,
    135.0,
    135.0,
    135.0,
    135.0,
    169.0,
    5.4291979588205015,
    173.0
  ],
  "scaler_X_max": [
    426.0,
    0.9749279121818236,
    1.0,
    1.0,
    1.0,
    1.0,
    426.0,
    426.0,
    426.0,
    426.0,
    426.0,
    374.7142857142857,
    79.74901104029318,
    366.2857142857143
  ],
  "scaler_y_min": 135.0,
  "scaler_y_max": 426.0,
  "predictions_last_30": [
    292.3657531738281,
    304.8209533691406,
    305.7941589355469,
    296.6396179199219,
    286.0166320800781,
    290.0743103027344,
    304.2580261230469,
    319.27349853515625,
    322.2449645996094,
    314.85736083984375,
    299.04425048828125,
    281.988525390625,
    286.77447509765625,
    320.8626708984375,
    339.46160888671875,
    348.53631591796875,
    345.3920593261719,
    339.7961730957031,
    321.9266662597656,
    319.1852722167969,
    339.30828857421875,
    357.5871276855469,
    365.4656677246094,
    361.3651428222656,
    343.0618896484375,
    326.9814453125,
    327.0086364746094,
    344.35455322265625,
    354.1512145996094,
    357.2070617675781
  ],
  "metrics": {
    "mae": 18.743634169990926,
    "rmse": 25.21408718218508,
    "r2": 0.8235552661599905
  }
}