{
  "model_type": "LSTM",
  "lookback": 21,
  "horizon": 14,
  "features": [
    "nb_admissions",
    "day_sin",
    "day_cos",
    "month_sin",
    "month_cos",
    "is_weekend",
    "lag_1",
    "lag_2",
    "lag_3",
    "lag_7",
    "lag_14",
    "rolling_7_mean",
    "rolling_7_std",
    "rolling_14_mean"
  ],
  "scaler_X_min": [
    135.0,
    -0.9749279121818236,
    -0.9009688679024191,
    -1.0,
    -1.0,
    0.0,
    135.0,
    135.0,
    135.0,
    135.0,
    135.0,
    169.0,
    5.4291979588205015,
    173.0
  ],
  "scaler_X_max": [
    426.0,
    0.9749279121818236,
    1.0,
    1.0,
    1.0,
    1.0,
    426.0,
    426.0,
    426.0,
    426.0,
    426.0,
    374.7142857142857,
    79.74901104029318,
    366.2857142857143
  ],
  "scaler_y_min": 135.0,
  "scaler_y_max": 426.0,
  "predictions_last_30": [
    266.78857421875,
    282.63922119140625,
    295.5118713378906,
    286.1308288574219,
    275.35406494140625,
    278.5772705078125,
    294.0342102050781,
    310.810791015625,
    316.7160339355469,
    318.35552978515625,
    302.5284729003906,
    286.0671691894531,
    289.26007080078125,
    321.431640625,
    336.0711364746094,
    343.9796447753906,
    346.5152587890625,
    337.0933532714844,
    321.60845947265625,
    320.07275390625,
    336.4345703125,
    347.3727722167969,
    354.88226318359375,
    355.5202331542969,
    333.9405517578125,
    320.025146484375,
    323.09881591796875,
    337.823486328125,
    342.1744689941406,
    344.91729736328125
  ],
  "metrics": {
    "mae": 19.09872919303916,
    "rmse": 25.99221806531084,
    "r2": 0.8124967134138833
  }
}
